"Ubicazione","Ubicazione Mappa?"
"121-111",
"121-191",
"121-011",
"121-031",
"121-051",
"121-071",
"122-104",
"122-144",
"123-024",
"123-054",
"123-094",
"123-104",
"123-114",
"123-134",
"123-144",
"123-164",
"124-024",
"124-044",
"124-054",
"124-064",
"124-074",
"124-084",
"124-104",
"124-124",
"124-134",
"124-174",
"122-093",
"122-092",
"122-133",
"123-013",
"123-023",
"123-022",
"123-033",
"123-032",
"123-043",
"123-053",
"123-052",
"123-063",
"123-103",
"123-113",
"123-123",
"123-132",
"123-142",
"123-153",
"124-012",
"124-022",
"124-033",
"124-043",
"124-042",
"124-063",
"124-072",
"124-082",
"124-102",
"124-112",
"124-123",
"124-122",
"124-143",
"124-152",
"124-173",
"122-131",
"123-061",
"123-091",
"123-111",
"123-131",
"123-141",
"123-161",
"124-011",
"124-021",
"124-041",
"124-061",
"124-171",
"111-114",
"111-124",
"111-134",
"111-144",
"111-164",
"111-174",
"112-034",
"112-044",
"112-054",
"112-064",
"112-084",
"112-094",
"112-104",
"112-114",
"112-124",
"113-064",
"113-074",
"113-094",
"113-114",
"113-124",
"113-134",
"113-144",
"113-154",
"113-164",
"114-014",
"114-024",
"114-074",
"114-084",
"114-094",
"114-104",
"114-114",
"114-134",
"114-154",
"114-164",
"111-092",
"111-123",
"111-122",
"111-132",
"111-143",
"111-153",
"111-172",
"111-182",
"111-193",
"112-023",
"112-052",
"112-063",
"112-083",
"112-093",
"112-103",
"112-102",
"112-113",
"113-013",
"113-012",
"113-023",
"113-022",
"113-033",
"113-053",
"113-063",
"113-073",
"113-072",
"113-082",
"113-093",
"113-092",
"113-113",
"113-123",
"113-122",
"113-133",
"113-132",
"113-143",
"113-142",
"113-153",
"114-012",
"114-032",
"114-043",
"114-042",
"114-062",
"114-093",
"114-092",
"114-113",
"114-123",
"114-132",
"114-162",
"114-173",
"111-101",
"111-121",
"111-131",
"111-141",
"111-151",
"111-171",
"111-181",
"111-201",
"112-041",
"112-091",
"112-101",
"112-121",
"113-031",
"113-101",
"113-111",
"113-121",
"113-141",
"113-151",
"114-021",
"114-051",
"114-061",
"114-101",
"114-121",
"114-131",
"114-141",
"114-151",
"115-014",
"115-034",
"115-044",
"115-054",
"115-064",
"115-084",
"115-104",
"115-114",
"115-124",
"115-134",
"115-174",
"116-014",
"116-024",
"116-064",
"116-074",
"116-104",
"116-114",
"116-124",
"116-174",
"117-014",
"117-034",
"117-064",
"117-074",
"117-094",
"118-014",
"118-024",
"118-044",
"118-064",
"118-094",
"118-104",
"118-114",
"118-124",
"118-103",
"118-092",
"118-082",
"118-072",
"118-063",
"118-052",
"118-033",
"118-023",
"117-093",
"117-092",
"117-083",
"117-082",
"117-063",
"117-042",
"117-033",
"117-022",
"116-163",
"116-143",
"116-142",
"116-132",
"116-123",
"116-122",
"116-093",
"116-083",
"116-082",
"116-063",
"116-053",
"116-043",
"116-022",
"116-013",
"116-012",
"115-163",
"115-153",
"115-123",
"115-122",
"115-113",
"115-112",
"115-102",
"115-083",
"115-082",
"115-063",
"115-043",
"115-042",
"115-022",
"115-013",
"115-012",
"115-041",
"115-051",
"115-121",
"115-131",
"115-141",
"115-151",
"116-011",
"116-021",
"116-031",
"116-041",
"116-061",
"116-101",
"116-121",
"116-131",
"116-141",
"116-151",
"117-061",
"117-091",
"118-061",
"118-081",
"118-111",
"212-024",
"212-034",
"212-044",
"212-124",
"212-134",
"212-144",
"212-022",
"212-033",
"212-032",
"212-042",
"212-053",
"212-052",
"212-093",
"212-092",
"212-133",
"212-143",
"212-142",
"212-152",
"212-031",
"212-051",
"212-071",
"212-081",
"212-091",
"212-101",
"212-111",
"212-131",
"212-151",
"213-024",
"213-034",
"213-044",
"213-054",
"213-164",
"213-174",
"214-024",
"214-074",
"214-144",
"213-023",
"213-032",
"213-063",
"213-062",
"213-073",
"213-072",
"213-092",
"213-103",
"213-113",
"213-123",
"213-122",
"213-162",
"214-012",
"214-043",
"214-042",
"214-052",
"214-062",
"214-112",
"214-152",
"213-021",
"213-061",
"213-101",
"213-161",
"213-171",
"214-011",
"214-051",
"214-061",
"214-101",
"214-111",
"214-121",
"214-141",
"215-014",
"215-044",
"215-074",
"215-084",
"215-104",
"215-114",
"215-154",
"216-084",
"216-144",
"217-014",
"217-024",
"217-044",
"217-084",
"217-104",
"218-024",
"218-074",
"218-084",
"218-114",
"215-022",
"215-033",
"215-073",
"215-072",
"215-083",
"215-093",
"215-092",
"215-103",
"215-122",
"215-143",
"215-162",
"216-012",
"216-023",
"216-032",
"216-043",
"216-092",
"216-113",
"216-123",
"216-132",
"216-152",
"216-173",
"217-012",
"217-033",
"217-032",
"217-092",
"217-103",
"218-013",
"218-012",
"218-023",
"218-022",
"218-043",
"218-073",
"218-083",
"218-082",
"218-103",
"218-113",
"215-011",
"215-121",
"215-131",
"216-031",
"216-041",
"216-051",
"216-091",
"216-111",
"216-131",
"216-171",
"217-011",
"217-061",
"218-011",
"218-021",
"218-031",
"218-091",
"218-101",
"218-111",
"218-121",
"223-064",
"223-104",
"223-114",
"223-144",
"223-174",
"224-144",
"224-174",
"223-023",
"223-022",
"223-033",
"223-053",
"223-062",
"223-072",
"223-093",
"223-112",
"223-142",
"223-163",
"223-202",
"224-032",
"224-042",
"224-073",
"224-072",
"224-103",
"224-123",
"224-133",
"224-143",
"224-142",
"224-153",
"224-193",
"223-101",
"223-131",
"223-191",
"224-021",
"224-101",
"224-161",
